,All_Data,Partition_1,Partition_2,Partition_3,Partition_4,Partition_5,Partition_Average
Sequence Length,0.009776143,0.008179419,0.008899949,0.006631723,0.008682073,0.0057002995,0.0076186927
Molecular Weight,0.0058690608,0.0073994095,0.006504563,0.008247562,0.008307027,0.011912001,0.0084741125
GRAVY,0.0074075577,0.0069999574,0.007269652,0.007893891,0.01224934,0.009519172,0.008786402
Isoelectric Point,0.0064459112,0.004256866,0.0060743173,0.0038092213,0.004926444,0.006807207,0.005174811
Instability Index,0.02268546,0.024301795,0.0296713,0.015450935,0.02280674,0.02143804,0.022733761
Aromaticity,0.0066234465,0.0062453477,0.007568157,0.009232615,0.004692187,0.008332143,0.0072140903
Charge at 7,0.0055266023,0.005897404,0.00661741,0.00516338,0.0060607344,0.005567069,0.0058611995
Amino Acid Percent A,0.0040241084,0.0045275,0.005753476,0.0055508735,0.005257466,0.0055894717,0.0053357575
Amino Acid Percent C,0.0059009283,0.006466254,0.005644076,0.007880953,0.005850154,0.0067305285,0.006514393
Amino Acid Percent D,0.003893748,0.004363788,0.004272282,0.005524335,0.0051299166,0.0049313055,0.0048443256
Amino Acid Percent E,0.005744134,0.006477801,0.005380552,0.0046667824,0.0048310244,0.0058895764,0.0054491474
Amino Acid Percent F,0.007433026,0.007903034,0.0073372074,0.0054746736,0.006461951,0.008081048,0.0070515824
Amino Acid Percent G,0.007226192,0.0076172636,0.007858637,0.0067922287,0.008296162,0.008148871,0.007742633
Amino Acid Percent H,0.005881355,0.0058872434,0.0054197195,0.005945993,0.004789495,0.0046995236,0.0053483946
Amino Acid Percent I,0.005053947,0.0061335876,0.0062195263,0.0046993443,0.00481814,0.004596089,0.005293337
Amino Acid Percent K,0.0056195343,0.0074072154,0.0047995113,0.0059116343,0.0043350365,0.0053016897,0.0055510174
Amino Acid Percent L,0.00581419,0.0056672525,0.0043036016,0.0050686016,0.0066062408,0.005971957,0.0055235303
Amino Acid Percent M,0.0068288594,0.008843936,0.006889136,0.007884256,0.0076043806,0.006366625,0.0075176666
Amino Acid Percent N,0.005283567,0.0042494494,0.005276516,0.0056955535,0.005554215,0.0042159003,0.0049983272
Amino Acid Percent P,0.0055593117,0.0061440817,0.0070823436,0.006217202,0.0060224775,0.0050231116,0.0060978434
Amino Acid Percent Q,0.005510294,0.00666819,0.005922124,0.005910119,0.0057890275,0.006235951,0.006105082
Amino Acid Percent R,0.0059024435,0.005921934,0.005389905,0.005233508,0.0050782175,0.006021343,0.0055289813
Amino Acid Percent S,0.009007747,0.008614886,0.010554692,0.00914748,0.00812993,0.007788453,0.008847089
Amino Acid Percent T,0.0047440687,0.00534205,0.004101783,0.0046867863,0.00335675,0.00432163,0.0043617995
Amino Acid Percent V,0.0055050803,0.0054788897,0.0059497664,0.0060722297,0.004523398,0.005645783,0.0055340133
Amino Acid Percent W,0.004588051,0.0070828847,0.0058232336,0.0060943086,0.0046553914,0.005739136,0.0058789905
Amino Acid Percent Y,0.0052148276,0.0046964083,0.0044634547,0.0061362577,0.004876462,0.004188977,0.004872312
Molar Extinction Coefficient 1,0.0037645577,0.0044981227,0.006773069,0.0072041233,0.0068489294,0.0052162516,0.006108099
Molar Extinction Coefficient 2,0.0069564716,0.0034227446,0.0057293116,0.004832246,0.0055590705,0.0057396786,0.00505661
Secondary Structure helix,0.004582656,0.0039009233,0.004712447,0.0067077335,0.004982299,0.005469723,0.005154625
Secondary Structure turn,0.0069708503,0.0081814015,0.008621516,0.005349452,0.008945212,0.007984149,0.007816346
Secondary Structure sheet,0.029670306,0.0316892,0.016537374,0.046122618,0.058338705,0.051516414,0.04084086
aliphatic_aliphatic,0.00707804,0.0073097735,0.0071985396,0.008209657,0.007219337,0.0066925893,0.0073259794
aliphatic_positive,0.0039801085,0.004699782,0.0047667227,0.0054508825,0.004494019,0.0055782874,0.0049979384
aliphatic_negative,0.004946632,0.0058504627,0.006957417,0.006455421,0.0066589117,0.005357602,0.006255963
aliphatic_uncharged,0.004669165,0.0036112156,0.004606282,0.006168099,0.00601829,0.003833401,0.004847457
aliphatic_aromatic,0.005227529,0.0046548652,0.004714817,0.0048435777,0.0039021354,0.00493177,0.004609433
positive_aliphatic,0.0057671843,0.0046355478,0.004523247,0.0059659923,0.0040122187,0.004589367,0.004745275
positive_positive,0.004858866,0.004843554,0.0049440507,0.0048917835,0.0046825577,0.0042603905,0.004724467
positive_negative,0.004988699,0.004400158,0.0042255097,0.0053202813,0.003606947,0.0054633883,0.0046032565
positive_uncharged,0.0038388574,0.0038975875,0.004359598,0.0049622273,0.0053462256,0.004011829,0.0045154933
positive_aromatic,0.0046016416,0.004856897,0.00466086,0.00544509,0.005601892,0.0045641875,0.0050257854
negative_aliphatic,0.0055770627,0.006343396,0.0050657354,0.004521207,0.0056102667,0.0074530668,0.0057987347
negative_positive,0.004802155,0.004285686,0.004671797,0.0056124087,0.0041935355,0.0044581164,0.0046443087
negative_negative,0.004911832,0.0039709327,0.004382612,0.0050915936,0.004086501,0.005608391,0.004628006
negative_uncharged,0.004996444,0.0039939093,0.0054253684,0.0049749506,0.005548993,0.0052094935,0.0050305426
negative_aromatic,0.0062302304,0.0058574206,0.0054770275,0.008499455,0.0073710205,0.0058146683,0.006603918
uncharged_aliphatic,0.0061236396,0.0035717187,0.0051388303,0.005960098,0.004106865,0.004736223,0.004702747
uncharged_positive,0.0044951453,0.004906429,0.004381475,0.004533791,0.0047725514,0.0052605765,0.0047709644
uncharged_negative,0.0045639966,0.0049158703,0.005002698,0.0058551296,0.0041530663,0.00586448,0.005158249
uncharged_uncharged,0.0071247905,0.0067943023,0.0069503207,0.007353635,0.0068649845,0.009185088,0.007429666
uncharged_aromatic,0.0051394626,0.004179842,0.0053392267,0.004792884,0.0045291823,0.005308288,0.0048298845
aromatic_aliphatic,0.009858539,0.008136736,0.009888108,0.010610044,0.009409712,0.009189634,0.009446846
aromatic_positive,0.00634655,0.0050362507,0.005345828,0.0052993638,0.004872554,0.0074307295,0.0055969446
aromatic_negative,0.006106914,0.0051790657,0.007124118,0.005791089,0.006543297,0.006703349,0.0062681837
aromatic_uncharged,0.004790399,0.0050656726,0.0046046376,0.005445986,0.0063143778,0.004402263,0.0051665874
aromatic_aromatic,0.0043925117,0.0053111864,0.006316996,0.004029,0.005544891,0.0051939217,0.005279199
Glycosylation,0.02802071,0.03156537,0.028254563,0.020067712,0.031450186,0.02495601,0.027258765
Cross-link,0.0077600353,0.00791627,0.008550225,0.005200657,0.004435681,0.007053195,0.006631206
Modified residue,0.031723343,0.025897106,0.033513725,0.028353501,0.02626596,0.026785411,0.02816314
Signal,0.008387533,0.0081387665,0.006570057,0.01698722,0.005821116,0.013279564,0.010159345
Disulfide bond,0.02167863,0.017528335,0.021410532,0.023417305,0.024664322,0.02218062,0.021840224
O-linked,0.010061872,0.014011189,0.0077071865,0.010710065,0.008242964,0.0069169956,0.00951768
N-linked,0.00661259,0.027535401,0.013265193,0.006491885,0.0048433603,0.007118396,0.011850847
C-linked,0.0,0.0,0.0,0.0,0.0,0.0,0.0
N-beta-linked,0.0,0.0,0.0,0.0,0.0,0.0,0.0
S-linked,0.0,0.0,0.0,0.0,0.0,0.0,0.0
O-alpha-linked,0.0,0.0,0.0,0.0,0.0,0.0,0.0
binary_count,0.006827387,0.016115716,0.006314439,0.0044371625,0.009880244,0.0050072274,0.008350958
binary_experimental_count,0.0074146553,0.0040877634,0.005216072,0.0056197206,0.003724844,0.0066135214,0.005052384
xeno_count,0.014193587,0.021824159,0.01200353,0.016577313,0.0150790615,0.01628615,0.016354043
xeno_experimental_count,0.0083814515,0.014019363,0.020316673,0.014739224,0.010578257,0.0063819448,0.013207093
degree_binary,0.0067149536,0.008605501,0.010581794,0.009060825,0.009736009,0.009452043,0.009487234
degree_xeno,0.0,0.0,0.0,0.0,0.0,0.0,0.0
degree_all,0.0,0.0,0.0,0.0,0.0,0.0,0.0
avg_degree_nbr_binary,0.004715177,0.005734247,0.0032382014,0.0053798016,0.006217945,0.0064796037,0.0054099597
avg_degree_nbr_xeno,0.0,0.0,0.0,0.0,0.0,0.0,0.0
avg_degree_nbr_all,0.0,0.0,0.0,0.0,0.0,0.0,0.0
strongly_connected_component_sizes_all,0.015971148,0.0113646295,0.011420341,0.010958202,0.004794288,0.009101122,0.009527717
cell projection,0.0,0.001551486,0.0026044708,0.0036667227,0.0,0.0039937478,0.0023632855
late endosome,0.007820036,0.0,0.0,0.0038411447,0.0,0.0,0.00076822896
early endosome,0.0,0.0046329666,0.0,0.0,0.005729403,0.0,0.002072474
cell membrane,0.014720121,0.01719721,0.017242359,0.016503949,0.01094525,0.019798983,0.01633755
endomembrane system,0.0,0.0,0.0,0.0,0.0,0.0,0.0
synapse,0.0,0.0,0.0,0.0,0.0,0.0,0.0
golgo apparatus,0.011001591,0.009435998,0.011286343,0.00743943,0.009355377,0.014593872,0.010422205
cornified envelope,0.0,0.0,0.0,0.0,0.0,0.0,0.0
golgi outpost,0.0,0.0,0.0,0.0,0.0,0.0,0.0
cell junction,0.0068436665,0.0033821624,0.0012299533,0.0041620387,0.011881552,0.008574586,0.0058460585
vacuole,0.0,0.0,0.0,0.0,0.0,0.0,0.0
microsome,0.022373162,0.011773616,0.009473806,0.015340917,0.010792611,0.010371782,0.011550548
perikaryon,0.0,0.0,0.0,0.0,0.0,0.0,0.0
cell surface,0.0,0.0,0.0,0.0,0.0,0.0,0.0
lysosome,0.010893026,0.0,0.0013131861,0.0,0.00510912,0.0019900938,0.0016824801
chromosome,0.0,0.0,0.010880131,0.0,0.011314823,0.0,0.004438991
cytoplasmic vesicle,0.0057426193,0.007952308,0.0061097424,0.0037352832,0.0025669443,0.005462544,0.0051653646
postsynapse,0.01037736,0.0025332503,0.011380734,0.007893234,0.005513285,0.010929861,0.0076500727
rough endoplasmic reticulum,0.0016207229,0.0,0.0,0.0,0.0,0.0,0.0
secreted,0.010961764,0.011974199,0.010288258,0.013013063,0.011089893,0.0113112,0.011535322
dynein axonemal particle,0.0,0.0,0.0,0.0,0.0,0.0,0.0
myelin membrane,0.0,0.0,0.0,0.0,0.0,0.0,0.0
inflammasome,0.0,0.0,0.0,0.0,0.0,0.0,0.0
endosome,0.0044524125,0.0043229833,0.0,0.0110496245,0.0,0.0,0.0030745217
presynapse,0.0,0.0,0.0,0.0,0.0,0.0,0.0
extracellular vessicle,0.0,0.0,0.0,0.0,0.0,0.0,0.0
virion,0.0,0.0,0.0,0.0,0.0,0.0,0.0
cleavage furrow,0.0,0.0,0.0,0.0,0.0,0.0,0.0
nucleus,0.021916822,0.011614971,0.0073976913,0.011870339,0.00836932,0.008344498,0.009519363
cytoplasm,0.011348495,0.01895834,0.010757436,0.014793972,0.0086942585,0.013182955,0.013277392
zymogen granule,0.0,0.0,0.0,0.0,0.0,0.0,0.0
sarcoplasmic reticulum,0.0,0.0,0.0,0.0,0.0,0.0,0.0
preautophagosomal structure,0.0017000843,0.0038500412,0.0,0.0,0.0,0.0,0.00077000825
cytolitic granule,0.0,0.0,0.0,0.0,0.0,0.0,0.0
peroxisome,0.0,0.00511289,0.0,0.0,0.0,0.0,0.001022578
lipid droplet,0.0,0.0,0.0,0.0,0.0,0.0,0.0
vesicle,0.0,0.0,0.0,0.0,0.0,0.0,0.0
smooth endoplasmic reticulum membrane,0.0,0.0,0.0,0.0,0.0,0.0,0.0
endoplasmic reticulum,0.0054261624,0.008469331,0.0045400714,0.003843825,0.011478829,0.012832334,0.0082328785
lateral cell membrane,0.0,0.0,0.0,0.0,0.0,0.0,0.0
vacuole membrane,0.0,0.0,0.0,0.0,0.0,0.0,0.0
recycling endosome,0.0019473456,0.0,0.0,0.0065448764,0.0,0.0,0.0013089753
photoreceptor,0.0,0.0,0.0,0.0,0.0,0.0,0.0
parasitophorous vacuole,0.0,0.0,0.0,0.0,0.0,0.0,0.0
melanosome,0.004011836,0.0,0.0,0.0,0.0,0.0027661605,0.0005532321
midbody,0.0,0.0,0.0,0.0,0.0,0.0,0.0
target cell membrane,0.0,0.0,0.0,0.0,0.0,0.0,0.0
mitochondrion,0.015702758,0.015713565,0.017259154,0.016824372,0.014804177,0.022024391,0.017325133
cytoplasmic granule,0.003686394,0.0,0.0,0.0,0.0,0.0,0.0
membrane,0.004682007,0.0045167604,0.0048206574,0.005508649,0.007291724,0.00471895,0.005371348
rrm,0.0051126448,0.0042060893,0.0,0.005182073,0.012316215,0.0044827196,0.005237419
acidic residues,0.003833947,0.0,0.0,0.0070188325,0.012912124,0.002154246,0.0044170404
ph,0.0,0.00096866477,0.0,0.0,0.008772051,0.00807329,0.0035628013
krab,0.0,0.0,0.0,0.0,0.0,0.0,0.0
pdz,0.0034324988,0.0012260261,0.008374724,0.0055319536,0.0040095067,0.0038436216,0.0045971666
btb,0.0056553944,0.007157963,0.006339279,0.00810502,0.0048763254,0.00353558,0.006002833
nuclear localization signal,0.0025605364,0.002756195,0.0,0.0,0.0,0.008261762,0.0022035914
fibronectin type-iii,0.0029832823,0.0,0.0,0.0,0.0056995875,0.0,0.0011399175
disordered,0.012340913,0.010161027,0.0029102603,0.007664429,0.013383377,0.0049868175,0.007821182
ig-like v-type,0.0073672645,0.0,0.0,0.0,0.0,0.005081651,0.0010163302
ef-hand,0.0061679976,0.010668294,0.006352279,0.0027437937,0.0,0.0,0.003952873
sh3,0.005265139,0.0025749605,0.01389348,0.010374976,0.00436799,0.005446887,0.007331659
ig-like,0.0011888635,0.0,0.0,0.0,0.0,0.0,0.0
pro residues,0.0,0.008380583,0.0,0.0,0.0053650597,0.0043119024,0.0036115088
protein kinase,0.04455923,0.046639152,0.044896007,0.04326524,0.04252105,0.03900982,0.043266255
ig-like c2-type,0.0,0.0,0.0105338665,0.010769526,0.014227114,0.014645193,0.01003514
basic and acidic residues,0.003222116,0.002215016,0.004788829,0.006244657,0.007337673,0.0009929275,0.0043158205
basic residues,0.0,0.0,0.0057688826,0.0,0.0,0.0,0.0011537765
egf-like,0.0,0.0051713088,0.01895316,0.0,0.0,0.0,0.0048248935
polar residues,0.0020397631,0.009402609,0.0055329967,0.0033029413,0.0030474635,0.005372384,0.0053316792
Mean,0.0094082765,0.007867463,0.010104356,0.009332787,0.007002844,0.009797404,0.008820971
Mode,0.0038895367,0.0048294053,0.004675982,0.0054615177,0.0040375986,0.0044804793,0.0046969964
Min,0.005065582,0.0053336225,0.005363732,0.0045063808,0.0046770996,0.0032624875,0.004628665
Max,0.003721933,0.0049275043,0.0046289596,0.0043614563,0.0054436233,0.0037910044,0.0046305098
Variance,0.0048954193,0.005233811,0.004471762,0.0062474674,0.005711389,0.005501501,0.005433186
Median,0.0099486215,0.010014843,0.009063162,0.007758184,0.011273014,0.007488457,0.009119531
Standard Deviation,0.0,0.0,0.0,0.0,0.0,0.0,0.0
Range,0.0043293936,0.006304171,0.0049710274,0.0059790285,0.0046466053,0.005521475,0.005484461
Min gap,0.0054278034,0.0049093673,0.004478879,0.0048349164,0.0045798663,0.005623851,0.004885376
Max gap,0.004636874,0.004412547,0.0045666257,0.0048634172,0.0040133535,0.005442813,0.0046597514
Average gap,0.004354097,0.004873761,0.004503649,0.0054428717,0.0039716843,0.00503763,0.0047659194
Min 2-hop gap,0.004311491,0.0042149746,0.0048224367,0.0059749843,0.0037701475,0.005165887,0.0047896854
Max 2-hop gap,0.005018833,0.0049248966,0.0043621534,0.005148659,0.003628552,0.004303364,0.004473525
Average 2-hop gap,0.005306558,0.004825947,0.004163566,0.004755638,0.0048038214,0.0055106273,0.00481192
Latent_Value_1,0.004985417,0.005968678,0.0066244835,0.0060235225,0.0038613577,0.0038301714,0.005261643
Latent_Value_2,0.0061995112,0.0063634203,0.0019050393,0.005351254,0.0033776893,0.0046516857,0.004329818
Latent_Value_3,0.004719137,0.0029883198,0.005291089,0.008336564,0.0042154803,0.002755186,0.0047173277
Latent_Value_4,0.004498542,0.0048898193,0.003417473,0.0049843253,0.0048813606,0.0045904657,0.0045526894
Latent_Value_5,0.004247654,0.0035604448,0.0062149307,0.0041851946,0.004101108,0.005002147,0.0046127653
Latent_Value_6,0.004217198,0.004574611,0.0055453377,0.0043710177,0.003545924,0.005725499,0.004752478
Latent_Value_7,0.0047200434,0.004055192,0.007558774,0.0042982935,0.00467798,0.006364097,0.0053908676
Latent_Value_8,0.004821998,0.005699538,0.003904684,0.004328571,0.0036828562,0.005219716,0.0045670727
Latent_Value_9,0.0050269957,0.0046767946,0.005853957,0.0045670853,0.0047012535,0.004420774,0.0048439726
Latent_Value_10,0.0074329367,0.005397897,0.007966381,0.004013743,0.005012519,0.0046130274,0.0054007135
Latent_Value_11,0.0048970194,0.0040159225,0.004724709,0.0043093744,0.004159437,0.0041346205,0.004268813
Latent_Value_12,0.005532643,0.0035768596,0.014432027,0.003256547,0.0038115669,0.0078081605,0.006577032
Latent_Value_13,0.0044242023,0.003189675,0.004979229,0.003171923,0.0058143768,0.003816693,0.00419438
Latent_Value_14,0.0048664236,0.0046457127,0.004744352,0.0050261584,0.003961445,0.0049779797,0.0046711294
Latent_Value_15,0.005129268,0.004399101,0.0053491844,0.0040861038,0.0040766117,0.005932976,0.0047687953
Latent_Value_16,0.0041297656,0.0049132323,0.0063770143,0.005129973,0.0056506633,0.0042511,0.005264397
Latent_Value_17,0.0060370923,0.004175567,0.005913134,0.005175562,0.0073590437,0.005222788,0.005569219
Latent_Value_18,0.0066764504,0.0051047443,0.0029549284,0.0042274864,0.0031777492,0.0049713724,0.0040872563
Latent_Value_19,0.0051879855,0.005466585,0.0076275878,0.0055305655,0.0070290603,0.0064022182,0.006411203
Latent_Value_20,0.0040834714,0.004027299,0.0056566517,0.007401708,0.0060076355,0.0038856468,0.0053957882
